Player,Team,No,Pos,Ht,Wt,Birthdate,Country,Exp,College,Salary,Age,G,GS,MP,FG,FGA,FG_pct,ThrP,ThrPA,ThrP_pct,TwoP,TwoPA,TwoP_pct,eFG_pct,FT,FTA,FT_pct,ORB,DRB,TRB,AST,STL,BLK,TOV,PF,PTS,PER,TS_pct,ThrPA_rate,FT_rate,ORB_pct,DRB_pct,TRB_pct,AST_pct,STL_pct,BLK_pct,TOV_pct,USG_pct,OWS,DWS,WS,WS_48,OBPM,DBPM,BPM,VORP
Bruno Caboclo,TOR,20,SF,6.75,218,September 21 1995,br,2,,1589640,21,9,0,40,6,16,0.375,2,6,0.333,4,10,0.4,0.438,0,0,,5,5,10,4,2,1,2,4,14,14.6,0.438,0.375,0.0,14.2,14.1,14.1,15.1,2.5,2.2,11.1,20.1,0.0,0.1,0.1,0.083,0.1,0.7,0.8,0.0
DeMarre Carroll,TOR,5,SF,6.67,215,July 27 1986,us,7,Vanderbilt University,14200000,30,72,72,1882,220,550,0.4,109,320,0.341,111,230,0.483,0.499,89,117,0.761,63,212,275,74,81,27,54,143,638,11.9,0.53,0.582,0.213,3.8,12.7,8.3,5.7,2.2,1.2,8.2,15.6,1.7,2.1,3.8,0.097,0.7,0.4,1.0,1.4
DeMar DeRozan,TOR,10,SG,6.58,221,August 7 1989,us,7,University of Southern California,26540100,27,74,74,2620,721,1545,0.467,33,124,0.266,688,1421,0.484,0.477,545,647,0.842,70,316,386,290,78,13,180,134,2020,24.0,0.552,0.08,0.419,3.0,13.6,8.3,20.6,1.5,0.4,9.0,34.3,6.7,2.4,9.0,0.166,2.4,-1.5,0.9,1.9
Serge Ibaka,TOR,9,PF,6.83,235,September 18 1989,cg,7,,12250000,27,23,23,712,128,279,0.459,41,103,0.398,87,176,0.494,0.532,30,34,0.882,29,127,156,15,7,33,39,76,327,13.8,0.556,0.369,0.122,4.6,20.1,12.4,3.3,0.5,4.0,11.7,20.9,0.4,0.8,1.3,0.085,-1.5,-0.5,-2.1,0.0
Cory Joseph,TOR,6,PG,6.25,193,August 20 1991,ca,5,University of Texas at Austin,7330000,25,80,22,2003,299,661,0.452,48,135,0.356,251,526,0.477,0.489,94,122,0.77,51,184,235,265,66,13,108,140,740,13.2,0.518,0.204,0.185,2.9,10.4,6.6,20.0,1.7,0.6,13.1,18.4,1.7,1.7,3.4,0.082,-0.4,-0.4,-0.8,0.6
Kyle Lowry,TOR,7,PG,6.0,205,March 25 1986,us,10,Villanova University,12000000,30,60,60,2244,426,918,0.464,193,468,0.412,233,450,0.518,0.569,299,365,0.819,48,238,286,417,88,19,173,170,1344,22.9,0.623,0.51,0.398,2.4,12.0,7.2,29.9,2.0,0.7,13.8,24.9,7.8,2.3,10.1,0.216,7.1,-0.5,6.6,4.9
Lucas Nogueira,TOR,92,C,7.0,241,July 26 1992,br,2,,1921320,24,57,6,1088,103,156,0.66,3,12,0.25,100,144,0.694,0.67,44,67,0.657,82,162,244,42,52,89,46,137,253,15.5,0.682,0.077,0.429,8.5,16.8,12.7,5.4,2.4,7.1,19.9,9.5,1.7,2.0,3.7,0.164,-0.1,5.6,5.4,2.0
Patrick Patterson,TOR,54,PF,6.75,230,March 14 1989,us,6,University of Kentucky,6050000,27,65,8,1599,154,384,0.401,94,253,0.372,60,131,0.458,0.523,43,60,0.717,62,231,293,76,40,23,38,120,445,10.8,0.542,0.659,0.156,4.4,16.3,10.4,6.6,1.3,1.2,8.5,12.5,1.7,1.6,3.3,0.1,0.5,0.4,0.9,1.2
Jakob Poeltl,TOR,42,C,7.0,248,October 15 1995,at,0,University of Utah,2703960,21,54,4,626,67,115,0.583,0,0,,67,115,0.583,0.583,31,57,0.544,78,87,165,12,17,20,29,113,165,12.2,0.589,0.0,0.496,14.1,15.7,14.9,2.7,1.4,2.8,17.2,12.1,0.9,0.7,1.6,0.125,-1.2,0.5,-0.7,0.2
Norman Powell,TOR,24,SG,6.33,215,May 25 1993,us,1,University of California Los Angeles,874636,23,76,18,1368,227,506,0.449,56,173,0.324,171,333,0.514,0.504,126,159,0.792,26,143,169,82,52,14,70,127,636,14.0,0.552,0.342,0.314,2.2,11.8,7.0,9.3,1.9,0.9,10.8,21.1,1.4,1.4,2.8,0.097,-0.4,-1.1,-1.5,0.2
Pascal Siakam,TOR,43,PF,6.75,230,February 4 1994,cm,0,New Mexico State University,1196040,22,55,38,859,103,205,0.502,1,7,0.143,102,198,0.515,0.505,22,32,0.688,64,121,185,17,26,45,33,109,229,11.5,0.523,0.034,0.156,8.4,15.9,12.2,2.9,1.5,4.5,13.1,13.1,0.4,1.2,1.6,0.089,-3.0,1.9,-1.1,0.2
P.J. Tucker,TOR,2,SF,6.5,245,May 5 1985,us,5,University of Texas at Austin,5300000,31,24,4,609,52,128,0.406,24,60,0.4,28,68,0.412,0.5,11,16,0.688,23,106,129,26,31,5,14,53,139,10.4,0.515,0.469,0.125,4.3,19.6,12.0,5.9,2.6,0.7,9.4,10.9,0.4,0.9,1.3,0.099,-0.7,1.9,1.1,0.5
Jonas Valanciunas,TOR,17,C,7.0,265,May 6 1992,lt,4,,14382022,24,80,80,2066,391,702,0.557,1,2,0.5,390,700,0.557,0.558,176,217,0.811,226,533,759,57,37,63,106,216,959,20.1,0.601,0.003,0.309,12.4,29.1,20.8,4.4,0.9,2.6,11.7,19.5,4.9,3.0,7.9,0.183,-0.5,-0.1,-0.6,0.7
Fred VanVleet,TOR,23,PG,6.0,195,February 25 1994,us,0,Wichita State University,543471,22,37,0,294,39,111,0.351,11,29,0.379,28,82,0.341,0.401,18,22,0.818,4,38,42,35,16,3,15,36,107,10.5,0.443,0.261,0.198,1.5,14.6,8.1,17.5,2.8,0.9,11.1,20.6,-0.1,0.4,0.2,0.04,-3.2,0.0,-3.2,-0.1
Delon Wright,TOR,55,PG,6.42,183,April 26 1992,us,1,University of Utah,1577280,24,27,0,446,49,116,0.422,10,30,0.333,39,86,0.453,0.466,42,55,0.764,16,32,48,57,27,11,25,31,150,15.0,0.535,0.259,0.474,4.1,8.1,6.1,18.2,3.1,2.1,15.1,16.6,0.5,0.6,1.1,0.117,-0.1,1.2,1.1,0.4
Avery Bradley,BOS,0,SG,6.17,180,November 26 1990,us,6,University of Texas at Austin,8269663,26,55,55,1835,359,775,0.463,108,277,0.39,251,498,0.504,0.533,68,93,0.731,65,269,334,122,68,11,88,141,894,14.4,0.548,0.357,0.12,4.0,16.2,10.1,11.0,1.8,0.5,9.7,21.9,1.1,2.0,3.1,0.081,-0.2,-0.4,-0.5,0.7
Jaylen Brown,BOS,7,SF,6.58,225,October 24 1996,us,0,University of California,4743000,20,78,20,1341,192,423,0.454,46,135,0.341,146,288,0.507,0.508,85,124,0.685,45,175,220,64,35,18,68,142,515,10.3,0.539,0.319,0.293,3.8,14.4,9.1,7.2,1.3,1.1,12.5,18.1,0.2,1.3,1.5,0.053,-3.1,-0.9,-4.0,-0.7
Jae Crowder,BOS,99,SF,6.5,235,July 6 1990,us,4,Marquette University,6286408,26,72,72,2335,333,720,0.463,157,394,0.398,176,326,0.54,0.572,176,217,0.811,48,367,415,155,73,23,80,161,999,14.9,0.613,0.547,0.301,2.3,17.3,9.9,10.1,1.6,0.8,8.9,17.0,4.1,2.5,6.7,0.137,1.4,0.2,1.6,2.1
Gerald Green,BOS,30,SF,6.58,205,January 26 1986,us,9,,1410598,31,47,0,538,95,232,0.409,39,111,0.351,56,121,0.463,0.494,33,41,0.805,16,68,84,33,9,7,25,48,262,11.9,0.524,0.478,0.177,3.3,13.9,8.7,9.8,0.8,1.1,9.1,22.7,0.1,0.4,0.6,0.05,-2.0,-2.8,-4.7,-0.4
Al Horford,BOS,42,C,6.83,245,June 3 1986,do,9,University of Florida,26540100,30,68,68,2193,379,801,0.473,86,242,0.355,293,559,0.524,0.527,108,135,0.8,95,370,465,337,52,86,115,138,952,17.7,0.553,0.302,0.169,4.9,18.6,11.8,24.4,1.2,3.2,11.8,19.7,3.6,2.7,6.3,0.138,1.0,2.0,3.1,2.8
Demetrius Jackson,BOS,9,PG,6.08,201,September 7 1994,us,0,University of Notre Dame,1450000,22,5,0,17,3,4,0.75,1,1,1.0,2,3,0.667,0.875,3,6,0.5,2,2,4,3,0,0,0,0,10,30.8,0.753,0.25,1.5,13.2,13.0,13.1,28.2,0.0,0.0,0.0,17.3,0.1,0.0,0.1,0.386,9.2,-2.8,6.3,0.0
Jonas Jerebko,BOS,8,PF,6.83,231,March 2 1987,se,6,,5000000,29,78,6,1232,114,262,0.435,45,130,0.346,69,132,0.523,0.521,26,37,0.703,59,213,272,71,25,17,39,122,299,9.3,0.537,0.496,0.141,5.4,19.1,12.3,8.1,1.0,1.1,12.3,11.4,0.8,1.3,2.1,0.08,-2.4,0.3,-2.1,0.0
Amir Johnson,BOS,90,PF,6.75,240,May 1 1987,us,11,,12000000,29,80,77,1608,213,370,0.576,27,66,0.409,186,304,0.612,0.612,67,100,0.67,118,248,366,140,51,62,77,211,520,15.0,0.628,0.178,0.27,8.3,17.0,12.7,13.0,1.6,3.2,15.7,13.6,2.9,2.1,5.0,0.149,-0.2,2.4,2.2,1.7
Jordan Mickey,BOS,55,PF,6.67,235,July 9 1994,us,1,Louisiana State University,1223653,22,25,1,141,15,34,0.441,0,1,0.0,15,33,0.455,0.441,8,14,0.571,13,21,34,7,3,6,9,12,38,9.8,0.473,0.029,0.412,10.4,16.4,13.4,7.1,1.1,3.5,18.3,15.5,-0.1,0.2,0.1,0.036,-5.7,0.9,-4.9,-0.1
Kelly Olynyk,BOS,41,C,7.0,238,April 19 1991,ca,3,Gonzaga University,3094014,25,75,6,1538,260,508,0.512,68,192,0.354,192,316,0.608,0.579,90,123,0.732,73,288,361,148,43,29,96,207,678,15.3,0.603,0.378,0.242,5.3,20.7,13.1,15.2,1.4,1.5,14.6,19.0,2.2,1.9,4.1,0.127,0.1,0.5,0.7,1.0
Terry Rozier,BOS,12,PG,6.17,190,March 17 1994,us,1,University of Louisville,1906440,22,74,0,1263,151,411,0.367,57,179,0.318,94,232,0.405,0.437,51,66,0.773,40,187,227,131,46,11,47,69,410,10.9,0.466,0.436,0.161,3.6,16.3,10.0,15.2,1.8,0.7,9.7,17.1,0.0,1.4,1.4,0.054,-2.5,0.0,-2.5,-0.2
Marcus Smart,BOS,36,SG,6.33,220,March 6 1994,us,2,Oklahoma State University,3578880,22,79,24,2399,269,749,0.359,94,332,0.283,175,417,0.42,0.422,203,250,0.812,78,227,305,364,125,34,159,192,835,12.0,0.486,0.443,0.334,3.7,10.4,7.1,22.0,2.6,1.2,15.6,18.8,0.5,2.7,3.2,0.064,-1.1,0.9,-0.3,1.0
Isaiah Thomas,BOS,4,PG,5.75,185,February 7 1989,us,5,University of Washington,6587132,27,76,76,2569,682,1473,0.463,245,646,0.379,437,827,0.528,0.546,590,649,0.909,43,162,205,448,70,13,210,167,2199,26.5,0.625,0.439,0.441,1.9,7.0,4.4,32.5,1.4,0.4,10.7,34.0,10.9,1.6,12.5,0.234,8.7,-3.3,5.4,4.8
James Young,BOS,13,SG,6.5,215,August 16 1995,us,2,University of Kentucky,1825200,21,29,0,220,25,58,0.431,12,35,0.343,13,23,0.565,0.534,6,9,0.667,6,20,26,4,10,2,4,15,68,10.0,0.549,0.603,0.155,3.1,10.0,6.6,2.6,2.3,0.7,6.1,13.3,0.1,0.2,0.3,0.076,-2.0,-1.1,-3.1,-0.1
Tyler Zeller,BOS,44,C,7.0,253,January 17 1990,us,4,University of North Carolina,8000000,27,51,5,525,78,158,0.494,0,1,0.0,78,157,0.497,0.494,22,39,0.564,43,81,124,42,7,21,20,61,178,13.0,0.508,0.006,0.247,9.2,17.0,13.2,12.2,0.7,3.3,10.2,16.5,0.5,0.6,1.0,0.094,-3.3,0.8,-2.5,-0.1
Justin Anderson,PHI,23,SF,6.5,228,November 19 1993,us,1,University of Virginia,1514160,23,24,8,518,75,162,0.463,21,72,0.292,54,90,0.6,0.528,32,41,0.78,30,66,96,34,13,7,26,45,203,12.8,0.564,0.444,0.253,6.4,14.1,10.2,10.4,1.2,1.1,12.6,17.2,0.5,0.4,0.9,0.084,-0.4,-0.6,-1.0,0.1
Jerryd Bayless,PHI,0,PG,6.25,200,August 20 1988,us,8,University of Arizona,9424084,28,3,1,71,11,32,0.344,2,5,0.4,9,27,0.333,0.375,9,10,0.9,3,9,12,13,0,0,9,4,33,8.7,0.453,0.156,0.313,4.6,14.0,9.3,29.4,0.0,0.0,19.8,27.7,-0.1,0.0,-0.1,-0.067,-5.2,-2.9,-8.2,-0.1
Robert Covington,PHI,33,SF,6.75,215,December 14 1990,us,3,Tennessee State University,1015696,26,67,67,2119,292,732,0.399,137,412,0.333,155,320,0.484,0.492,143,174,0.822,92,344,436,102,127,69,131,203,864,13.2,0.534,0.563,0.238,4.8,17.9,11.3,7.5,2.9,2.6,13.9,19.2,0.0,3.2,3.1,0.071,-0.7,2.0,1.4,1.8
Joel Embiid,PHI,21,C,7.0,250,March 16 1994,cm,0,University of Kansas,4826160,22,31,31,786,200,429,0.466,36,98,0.367,164,331,0.495,0.508,191,244,0.783,61,182,243,66,27,76,117,112,627,24.1,0.584,0.228,0.569,8.5,25.6,17.0,16.0,1.7,7.7,17.9,36.0,0.5,1.5,1.9,0.117,0.0,3.2,3.1,1.0
Justin Harper,PHI,30,PF,6.83,225,August 30 1989,us,2,University of Richmond,57672,27,3,0,31,5,12,0.417,2,7,0.286,3,5,0.6,0.5,0,0,,2,3,5,2,0,0,4,2,12,4.9,0.5,0.583,0.0,7.1,10.7,8.9,10.5,0.0,0.0,25.0,22.4,-0.1,0.0,-0.1,-0.103,-5.1,-3.8,-8.9,-0.1
Gerald Henderson,PHI,12,SG,6.42,215,December 9 1987,us,7,Duke University,9000000,29,72,41,1667,234,553,0.423,61,173,0.353,173,380,0.455,0.478,133,165,0.806,34,151,185,112,40,15,62,129,662,10.8,0.529,0.313,0.298,2.2,10.0,6.1,10.5,1.2,0.7,9.0,17.9,1.0,1.0,2.0,0.059,-1.8,-1.3,-3.1,-0.5
Richaun Holmes,PHI,22,C,6.83,245,October 15 1993,us,1,Bowling Green State University,1025831,23,57,17,1193,230,412,0.558,27,77,0.351,203,335,0.606,0.591,72,103,0.699,94,217,311,58,42,55,55,136,559,18.6,0.611,0.187,0.25,8.7,20.1,14.4,8.3,1.7,3.7,10.7,18.6,2.2,1.6,3.8,0.151,0.2,1.5,1.7,1.1
Shawn Long,PHI,36,C,6.75,255,January 29 1993,us,0,University of Louisiana at Lafayette,96969,24,18,0,234,61,109,0.56,7,19,0.368,54,90,0.6,0.592,19,35,0.543,41,44,85,13,9,9,13,49,148,24.1,0.595,0.174,0.321,19.3,20.8,20.0,10.7,1.9,3.1,9.5,25.4,0.6,0.3,0.9,0.195,3.4,0.0,3.4,0.3
Timothe Luwawu-Cabarrot,PHI,20,SF,6.5,205,May 9 1995,fr,0,,1326960,21,69,19,1190,145,361,0.402,50,161,0.311,95,200,0.475,0.471,105,123,0.854,25,124,149,75,32,10,73,154,445,8.5,0.536,0.446,0.341,2.3,11.5,6.9,9.6,1.3,0.7,15.0,17.8,0.0,0.8,0.8,0.034,-2.8,-1.2,-4.0,-0.6
T.J. McConnell,PHI,1,PG,6.17,200,March 25 1992,us,1,Duquesne University,874636,24,81,51,2133,236,512,0.461,11,55,0.2,225,457,0.492,0.472,73,90,0.811,39,212,251,534,134,10,159,139,556,13.7,0.504,0.107,0.176,2.0,11.0,6.5,37.5,3.1,0.4,22.4,14.4,1.4,2.4,3.8,0.084,-2.0,0.1,-1.9,0.0
Jahlil Okafor,PHI,8,C,6.92,275,December 15 1995,us,1,Duke University,4788840,21,50,33,1134,242,471,0.514,0,0,,242,471,0.514,0.514,106,158,0.671,81,159,240,58,20,49,91,122,590,14.8,0.546,0.0,0.335,7.8,15.5,11.7,9.0,0.9,3.4,14.4,24.1,0.1,1.1,1.2,0.05,-3.4,0.1,-3.3,-0.4
Alex Poythress,PHI,5,PF,6.58,238,September 6 1993,us,0,University of Kentucky,38903,23,6,1,157,25,54,0.463,6,19,0.316,19,35,0.543,0.519,8,10,0.8,11,18,29,5,3,2,3,14,64,13.2,0.548,0.352,0.185,7.7,12.7,10.2,5.1,0.9,1.0,4.9,16.9,0.2,0.1,0.3,0.099,-0.6,-1.9,-2.5,0.0
Chasson Randle,PHI,5,PG,6.17,185,February 5 1993,us,0,Stanford University,297311,23,8,0,74,12,26,0.462,6,15,0.4,6,11,0.545,0.577,12,12,1.0,0,5,5,6,3,1,3,11,42,17.7,0.671,0.577,0.462,0.0,7.5,3.7,13.2,2.0,1.1,8.8,20.1,0.2,0.1,0.3,0.197,2.6,-2.7,-0.1,0.0
Sergio Rodriguez,PHI,14,PG,6.25,176,June 12 1986,es,4,,8000000,30,68,30,1518,210,536,0.392,92,252,0.365,118,284,0.415,0.478,18,27,0.667,21,136,157,344,49,4,128,95,530,11.1,0.484,0.47,0.05,1.5,9.9,5.7,35.4,1.6,0.2,18.9,19.3,-0.3,1.0,0.7,0.023,-1.6,-2.3,-3.8,-0.7
Dario Saric,PHI,9,PF,6.83,223,April 8 1994,hr,0,,2318280,22,81,36,2129,381,927,0.411,106,341,0.311,275,586,0.469,0.468,172,220,0.782,112,401,513,182,57,30,183,162,1040,12.8,0.508,0.368,0.237,5.8,20.8,13.3,14.3,1.3,1.1,15.2,24.6,-1.2,2.2,1.0,0.023,-2.0,-0.2,-2.2,-0.1
Tiago Splitter,PHI,47,C,6.92,245,January 1 1985,br,6,,8550000,32,8,0,76,14,31,0.452,2,6,0.333,12,25,0.48,0.484,9,11,0.818,8,14,22,4,1,1,6,8,39,15.0,0.544,0.194,0.355,11.6,20.3,15.9,8.9,0.6,1.0,14.3,23.9,0.1,0.1,0.1,0.072,-2.6,-2.5,-5.0,-0.1
Nik Stauskas,PHI,11,SG,6.5,205,October 7 1993,ca,2,University of Michigan,2993040,23,80,27,2188,251,634,0.396,132,359,0.368,119,275,0.433,0.5,122,150,0.813,21,205,226,188,45,32,128,144,756,9.0,0.54,0.566,0.237,1.1,10.3,5.7,12.9,1.0,1.2,15.5,16.4,0.1,1.4,1.4,0.031,-1.7,-0.7,-2.4,-0.2
Hollis Thompson,PHI,31,SG,6.67,206,April 3 1991,us,3,Georgetown University,442126,25,31,1,561,66,159,0.415,26,71,0.366,40,88,0.455,0.497,13,20,0.65,15,69,84,26,14,6,9,55,171,9.0,0.51,0.447,0.126,2.9,13.6,8.2,7.0,1.2,0.8,5.1,13.7,0.3,0.4,0.7,0.06,-2.3,-0.8,-3.0,-0.1
Andrew Bogut,CLE,6,C,7.0,260,November 28 1984,au,11,University of Utah,242224,32,1,0,1,0,0,,0,0,,0,0,,,0,0,,0,0,0,0,0,0,0,2,0,-35.3,,,,0.0,0.0,0.0,0.0,0.0,0.0,,0.0,0.0,0.0,0.0,0.02,-5.7,0.0,-5.7,0.0
Kay Felder,CLE,20,PG,5.75,176,March 29 1995,us,0,Oakland University,543471,21,42,0,386,62,158,0.392,7,22,0.318,55,136,0.404,0.415,35,49,0.714,3,38,41,58,18,7,30,38,166,11.4,0.462,0.139,0.31,0.9,10.5,5.9,22.7,2.3,1.5,14.3,24.2,-0.3,0.4,0.1,0.008,-4.8,-1.2,-6.0,-0.4
Channing Frye,CLE,8,C,6.92,255,May 17 1983,us,10,University of Arizona,7806971,33,74,15,1398,238,520,0.458,137,335,0.409,101,185,0.546,0.589,63,74,0.851,37,253,290,45,33,37,53,138,676,15.6,0.612,0.644,0.142,3.0,19.3,11.4,4.9,1.2,2.1,8.8,19.3,2.3,1.4,3.7,0.125,0.8,-1.5,-0.6,0.5
Kyrie Irving,CLE,2,PG,6.25,193,March 23 1992,au,5,Duke University,17638063,24,72,72,2525,671,1420,0.473,177,441,0.401,494,979,0.505,0.535,297,328,0.905,52,178,230,418,83,24,180,157,1816,23.0,0.58,0.311,0.231,2.3,7.5,5.0,29.7,1.6,0.8,10.3,30.8,7.4,1.5,8.9,0.17,4.8,-2.3,2.5,2.9
LeBron James,CLE,23,SF,6.67,250,December 30 1984,us,13,,30963450,32,74,74,2794,736,1344,0.548,124,342,0.363,612,1002,0.611,0.594,358,531,0.674,97,542,639,646,92,44,303,134,1954,27.0,0.619,0.254,0.395,4.0,20.7,12.6,41.3,1.6,1.3,16.1,30.0,9.8,3.0,12.9,0.221,6.8,1.6,8.4,7.3
Richard Jefferson,CLE,24,SF,6.58,233,June 21 1980,us,15,University of Arizona,2500000,36,79,13,1614,153,343,0.446,62,186,0.333,91,157,0.58,0.536,80,108,0.741,28,175,203,78,26,10,52,153,448,8.3,0.574,0.542,0.315,2.0,11.6,6.9,6.6,0.8,0.5,11.8,12.2,1.3,0.8,2.1,0.063,-1.4,-1.0,-2.4,-0.2
Dahntay Jones,CLE,30,SF,6.5,225,December 27 1980,us,12,Rutgers University,24022,36,1,0,12,3,8,0.375,0,2,0.0,3,6,0.5,0.375,3,4,0.75,1,1,2,1,0,0,1,1,9,14.7,0.461,0.25,0.5,9.5,8.9,9.2,14.5,0.0,0.0,9.3,39.9,0.0,0.0,0.0,-0.03,-3.8,-7.1,-10.9,0.0
James Jones,CLE,1,SF,6.67,218,October 4 1980,us,13,University of Miami,1551659,36,48,2,381,44,92,0.478,31,66,0.47,13,26,0.5,0.647,13,20,0.65,3,34,37,14,6,10,10,37,132,11.1,0.655,0.717,0.217,0.9,9.5,5.4,5.2,0.8,2.1,9.0,13.0,0.6,0.2,0.8,0.102,0.0,-1.6,-1.6,0.0
Kyle Korver,CLE,26,SG,6.58,212,March 17 1981,us,13,Creighton University,5239437,35,35,1,859,131,269,0.487,97,200,0.485,34,69,0.493,0.667,14,15,0.933,7,90,97,35,11,8,29,60,373,13.5,0.677,0.743,0.056,0.9,11.2,6.2,6.1,0.6,0.8,9.5,15.8,1.6,0.4,2.0,0.114,2.2,-2.2,0.0,0.4
Kevin Love,CLE,0,PF,6.83,251,September 7 1988,us,8,University of California Los Angeles,21165675,28,60,60,1885,370,867,0.427,145,389,0.373,225,478,0.471,0.51,257,295,0.871,148,518,666,116,53,21,122,125,1142,21.1,0.573,0.449,0.34,8.9,29.3,19.5,9.8,1.4,0.9,10.9,26.4,4.0,2.4,6.4,0.163,1.7,-0.9,0.8,1.3
Jordan McRae,CLE,12,SG,6.5,185,March 28 1991,us,1,University of Tennessee,874636,25,37,4,384,58,150,0.387,18,51,0.353,40,99,0.404,0.447,27,34,0.794,6,35,41,19,8,6,14,31,161,9.7,0.488,0.34,0.227,1.8,9.7,5.9,7.4,1.0,1.3,7.8,20.8,-0.1,0.2,0.2,0.02,-3.7,-2.8,-6.5,-0.4
Larry Sanders,CLE,9,C,6.92,235,November 21 1988,us,5,Virginia Commonwealth University,207722,28,5,0,13,1,4,0.25,0,0,,1,4,0.25,0.25,2,2,1.0,3,1,4,0,1,1,2,5,4,6.5,0.41,0.0,0.5,26.3,8.2,17.0,0.0,3.8,6.2,29.1,23.6,0.0,0.0,0.0,-0.029,-8.7,-0.9,-9.6,0.0
Iman Shumpert,CLE,4,SG,6.42,220,June 26 1990,us,5,Georgia Institute of Technology,9700000,26,76,31,1937,201,489,0.411,94,261,0.36,107,228,0.469,0.507,71,90,0.789,39,179,218,109,62,27,78,150,567,9.0,0.536,0.534,0.184,2.3,9.9,6.2,7.8,1.6,1.1,12.9,14.0,0.7,1.4,2.0,0.05,-1.3,0.0,-1.3,0.3
J.R. Smith,CLE,5,SG,6.5,225,September 9 1985,us,12,,12800000,31,41,35,1187,123,356,0.346,95,271,0.351,28,85,0.329,0.479,10,15,0.667,17,96,113,62,40,11,26,77,351,8.1,0.484,0.761,0.042,1.6,8.6,5.2,7.3,1.7,0.7,6.7,14.6,0.1,0.8,0.8,0.034,-0.5,-0.7,-1.3,0.2
Edy Tavares,CLE,40,C,7.25,260,March 22 1992,cv,1,,5145,24,1,0,24,3,4,0.75,0,0,,3,4,0.75,0.75,0,1,0.0,4,6,10,1,0,6,2,3,6,22.6,0.676,0.0,0.25,19.0,26.7,23.0,6.0,0.0,20.2,31.1,12.0,0.0,0.1,0.1,0.183,-3.1,10.1,7.0,0.1
Tristan Thompson,CLE,13,C,6.75,238,March 13 1991,ca,5,University of Texas at Austin,15330435,25,78,78,2336,262,437,0.6,0,3,0.0,262,434,0.604,0.6,106,213,0.498,286,429,715,77,39,84,64,176,630,15.3,0.594,0.007,0.487,13.9,19.6,16.9,4.6,0.8,2.9,10.8,11.3,5.0,2.3,7.3,0.149,0.0,1.5,1.5,2.0
Deron Williams,CLE,31,PG,6.25,200,June 26 1984,us,11,University of Illinois at Urbana-Champaign,259626,32,24,4,486,68,147,0.463,22,53,0.415,46,94,0.489,0.537,21,25,0.84,1,44,45,86,6,6,40,42,179,11.4,0.566,0.361,0.17,0.2,9.7,5.1,25.9,0.6,1.0,20.2,18.1,0.4,0.2,0.6,0.059,-1.9,-2.6,-4.5,-0.3
Derrick Williams,CLE,3-32,PF,6.67,240,May 25 1991,us,5,University of Arizona,402043,25,25,0,427,54,107,0.505,21,52,0.404,33,55,0.6,0.603,27,39,0.692,3,54,57,14,5,2,14,27,156,11.1,0.628,0.486,0.364,0.8,13.5,7.4,4.7,0.6,0.4,10.1,14.4,0.6,0.2,0.8,0.086,-1.1,-2.1,-3.2,-0.1
Lavoy Allen,IND,5,PF,6.75,260,February 4 1989,us,5,Temple University,4000000,27,61,5,871,77,168,0.458,0,1,0.0,77,167,0.461,0.458,23,33,0.697,105,114,219,57,18,24,29,78,177,11.6,0.485,0.006,0.196,13.7,14.5,14.1,9.1,1.0,2.4,13.7,10.9,0.9,0.8,1.7,0.093,-1.5,1.3,-0.3,0.4
Aaron Brooks,IND,0,PG,6.0,161,January 14 1985,us,8,University of Oregon,2700000,32,65,0,894,121,300,0.403,48,128,0.375,73,172,0.424,0.483,32,40,0.8,18,51,69,125,25,9,66,93,322,9.5,0.507,0.427,0.133,2.3,6.3,4.3,20.7,1.4,0.9,17.2,19.2,-0.2,0.5,0.3,0.016,-2.1,-2.5,-4.6,-0.6
Rakeem Christmas,IND,25,PF,6.75,250,December 1 1991,us,1,Syracuse University,1052342,25,29,0,219,19,43,0.442,0,0,,19,43,0.442,0.442,21,29,0.724,26,30,56,4,3,6,8,37,59,10.4,0.529,0.0,0.674,13.5,15.2,14.4,2.5,0.7,2.4,12.5,13.1,0.3,0.2,0.5,0.099,-3.0,-1.2,-4.2,-0.1
Monta Ellis,IND,11,SG,6.25,185,October 26 1985,us,11,,10770000,31,74,33,1998,247,557,0.443,43,135,0.319,204,422,0.483,0.482,93,128,0.727,19,185,204,236,78,27,135,149,630,9.9,0.514,0.242,0.23,1.1,10.3,5.7,17.2,2.0,1.2,18.0,16.8,-0.7,1.7,1.1,0.026,-2.5,0.2,-2.3,-0.2
Paul George,IND,13,SF,6.75,220,May 2 1990,us,6,California State University Fresno,18314532,26,75,75,2689,622,1348,0.461,195,496,0.393,427,852,0.501,0.534,336,374,0.898,58,434,492,251,119,27,220,206,1775,20.2,0.587,0.368,0.277,2.5,17.9,10.3,16.1,2.2,0.9,12.7,28.9,3.9,3.1,7.1,0.126,3.1,-0.3,2.8,3.2
Al Jefferson,IND,7,C,6.83,289,January 4 1985,us,12,,10230179,32,66,1,931,235,471,0.499,0,1,0.0,235,470,0.5,0.499,65,85,0.765,75,203,278,57,19,16,33,125,535,18.9,0.526,0.002,0.18,9.2,24.2,16.8,11.0,1.0,1.5,6.1,26.1,1.2,1.1,2.3,0.119,-1.5,-1.5,-3.1,-0.2
C.J. Miles,IND,0,SF,6.5,225,April 18 1987,us,11,,4583450,29,76,29,1776,281,647,0.434,169,409,0.413,112,238,0.471,0.565,84,93,0.903,30,199,229,48,46,25,40,151,815,13.8,0.592,0.632,0.144,1.9,12.4,7.2,4.1,1.3,1.2,5.5,18.4,2.7,1.4,4.0,0.109,1.6,-2.1,-0.5,0.7
Georges Niang,IND,32,PF,6.67,230,June 17 1993,us,0,Iowa State University,650000,23,23,0,93,9,36,0.25,1,12,0.083,8,24,0.333,0.264,2,2,1.0,2,15,17,5,3,0,5,6,21,0.1,0.285,0.333,0.056,2.4,17.9,10.3,7.5,1.6,0.0,11.9,20.2,-0.4,0.1,-0.3,-0.168,-9.9,-2.2,-12.0,-0.2
Glenn Robinson,IND,40,SF,6.5,222,January 8 1994,us,2,University of Michigan,1050500,23,69,27,1427,158,338,0.467,49,125,0.392,109,213,0.512,0.54,54,76,0.711,57,189,246,47,41,20,37,63,419,11.5,0.564,0.37,0.225,4.5,14.7,9.7,4.7,1.4,1.2,9.1,12.8,1.3,1.2,2.5,0.085,-1.2,-0.2,-1.3,0.2
Kevin Seraphin,IND,1,PF,6.75,285,December 7 1989,gf,6,,1800000,27,49,3,559,109,198,0.551,0,2,0.0,109,196,0.556,0.551,14,22,0.636,41,101,142,23,7,20,29,66,232,14.4,0.559,0.01,0.111,8.3,20.0,14.3,6.7,0.6,3.1,12.3,19.0,0.4,0.6,1.0,0.082,-3.1,-0.5,-3.6,-0.2
Lance Stephenson,IND,6,SG,6.42,230,September 5 1990,us,6,University of Cincinnati,4000000,26,6,0,132,18,44,0.409,5,8,0.625,13,36,0.361,0.466,2,3,0.667,1,23,24,25,3,2,11,12,43,10.3,0.474,0.182,0.068,0.9,19.3,10.2,28.1,1.1,1.3,19.5,19.1,-0.1,0.1,0.0,0.012,-4.0,-0.2,-4.2,-0.1
Rodney Stuckey,IND,2,PG,6.42,210,April 21 1986,us,9,Eastern Washington University,7000000,30,39,0,696,91,244,0.373,19,60,0.317,72,184,0.391,0.412,80,107,0.748,6,78,84,84,16,0,53,44,281,9.5,0.483,0.246,0.439,1.0,12.4,6.8,17.7,1.2,0.0,15.4,22.2,-0.5,0.4,-0.1,-0.006,-3.8,-2.2,-6.0,-0.7
Jeff Teague,IND,44,PG,6.17,186,June 10 1988,us,7,Wake Forest University,8800000,28,82,82,2657,402,909,0.442,90,252,0.357,312,657,0.475,0.492,360,415,0.867,33,297,330,639,100,32,216,165,1254,19.2,0.574,0.277,0.457,1.4,12.4,7.0,36.4,1.9,1.1,16.5,22.1,5.7,2.4,8.1,0.146,2.4,-0.5,1.9,2.6
Myles Turner,IND,33,C,6.92,243,March 24 1996,us,1,University of Texas at Austin,2463840,20,81,81,2541,444,869,0.511,40,115,0.348,404,754,0.536,0.534,245,303,0.809,139,450,589,106,74,172,105,262,1173,18.5,0.585,0.132,0.349,6.2,19.6,13.0,6.6,1.5,5.9,9.5,19.5,4.3,3.7,8.0,0.151,-0.3,2.6,2.4,2.8
Joe Young,IND,3,PG,6.17,180,June 27 1992,us,1,University of Houston,1052342,24,33,0,135,26,72,0.361,5,23,0.217,21,49,0.429,0.396,11,15,0.733,1,16,17,15,4,0,5,5,68,11.4,0.433,0.319,0.208,0.8,13.1,7.1,18.0,1.5,0.0,6.0,27.8,-0.2,0.1,-0.1,-0.022,-3.5,-3.8,-7.3,-0.2
Thaddeus Young,IND,21,PF,6.67,221,June 21 1988,us,9,Georgia Institute of Technology,14153652,28,74,74,2237,362,687,0.527,45,118,0.381,317,569,0.557,0.56,45,86,0.523,131,317,448,122,113,29,95,135,814,14.9,0.562,0.172,0.125,6.7,15.7,11.2,8.4,2.5,1.1,11.6,16.4,2.0,2.7,4.6,0.1,0.0,1.4,1.4,1.9
Luke Babbitt,MIA,5,SF,6.75,225,June 20 1989,us,6,University of Nevada Reno,1227000,27,68,55,1065,113,281,0.402,87,210,0.414,26,71,0.366,0.557,11,15,0.733,12,129,141,36,20,11,25,118,324,8.3,0.563,0.747,0.053,1.2,13.5,7.3,4.8,0.9,0.8,8.0,13.0,0.8,1.0,1.8,0.081,-1.1,-0.9,-1.9,0.0
Goran Dragic,MIA,7,PG,6.25,190,May 6 1986,si,8,,15890000,30,73,73,2459,534,1124,0.475,117,289,0.405,417,835,0.499,0.527,298,377,0.79,62,217,279,423,89,13,212,199,1483,19.8,0.575,0.257,0.335,2.8,9.9,6.3,29.0,1.8,0.4,14.1,27.1,5.0,2.6,7.5,0.147,3.4,-0.7,2.7,2.9
Wayne Ellington,MIA,2,SG,6.33,200,October 29 1987,us,7,University of North Carolina,6000000,29,62,13,1500,231,555,0.416,149,394,0.378,82,161,0.509,0.55,37,43,0.86,18,114,132,70,35,4,30,70,648,12.6,0.565,0.71,0.077,1.3,8.5,4.9,7.1,1.2,0.2,5.0,17.9,2.1,1.2,3.3,0.105,1.8,-1.9,-0.2,0.7
Udonis Haslem,MIA,40,C,6.67,235,June 9 1980,us,13,University of Florida,4000000,36,16,0,130,11,23,0.478,0,3,0.0,11,20,0.55,0.478,9,15,0.6,8,28,36,6,6,1,8,22,31,8.8,0.524,0.13,0.652,6.7,24.1,15.3,6.4,2.3,0.6,21.3,12.8,0.0,0.2,0.2,0.074,-4.7,1.5,-3.2,0.0
James Johnson,MIA,16,PF,6.75,250,February 20 1987,us,7,Wake Forest University,4000000,29,76,5,2085,368,769,0.479,87,256,0.34,281,513,0.548,0.535,152,215,0.707,66,310,376,276,76,86,171,197,975,17.0,0.564,0.333,0.28,3.5,16.6,10.0,20.9,1.8,3.2,16.5,22.0,1.9,3.2,5.1,0.117,0.5,2.3,2.8,2.5
Tyler Johnson,MIA,8,PG,6.33,186,May 7 1992,us,2,California State University Fresno,5628000,24,73,0,2178,357,824,0.433,93,250,0.372,264,574,0.46,0.49,195,254,0.768,50,243,293,233,84,44,90,176,1002,15.9,0.535,0.303,0.308,2.5,12.5,7.4,16.6,1.9,1.6,8.8,20.9,3.1,2.7,5.8,0.128,0.7,0.8,1.5,1.9
Rodney McGruder,MIA,17,SG,6.33,205,July 29 1991,us,0,Kansas State University,543471,25,78,65,1966,190,460,0.413,73,220,0.332,117,240,0.488,0.492,44,71,0.62,94,162,256,124,46,18,56,140,497,9.1,0.506,0.478,0.154,5.2,9.2,7.2,8.8,1.2,0.7,10.2,12.3,1.2,1.7,2.9,0.072,-0.8,0.5,-0.4,0.8
Josh McRoberts,MIA,4,PF,6.83,240,February 28 1987,us,9,Duke University,5782450,29,22,14,381,44,118,0.373,13,31,0.419,31,87,0.356,0.428,6,9,0.667,23,51,74,50,10,4,23,31,107,9.8,0.439,0.263,0.076,6.6,15.0,10.7,18.9,1.3,0.8,15.9,16.9,-0.1,0.4,0.3,0.036,-2.9,0.6,-2.4,0.0
Willie Reed,MIA,35,C,6.83,220,May 16 1990,us,1,Saint Louis University,1015696,26,71,5,1031,162,285,0.568,1,4,0.25,161,281,0.573,0.57,49,88,0.557,129,203,332,26,18,47,31,137,374,17.1,0.578,0.014,0.309,13.7,22.0,17.8,3.9,0.9,3.6,8.7,15.3,2.1,1.5,3.6,0.168,-1.3,0.7,-0.6,0.4
Josh Richardson,MIA,0,SG,6.5,200,September 15 1993,us,1,University of Tennessee,874636,23,53,34,1614,202,513,0.394,75,227,0.33,127,286,0.444,0.467,60,77,0.779,35,133,168,140,60,39,65,132,539,10.7,0.493,0.442,0.15,2.4,9.2,5.8,12.7,1.9,1.9,10.6,16.8,0.3,1.9,2.2,0.066,-1.0,1.1,0.2,0.9
Dion Waiters,MIA,11,SG,6.33,225,December 10 1991,us,4,Syracuse University,2898000,25,46,43,1384,281,663,0.424,85,215,0.395,196,448,0.438,0.488,82,127,0.646,18,135,153,200,42,20,103,95,729,14.5,0.507,0.324,0.192,1.4,10.9,6.1,23.8,1.5,1.1,12.5,26.3,0.2,1.5,1.6,0.057,-0.1,-0.8,-0.9,0.4
Okaro White,MIA,15,PF,6.67,204,August 13 1992,us,0,Florida State University,374933,24,35,0,471,33,87,0.379,12,34,0.353,21,53,0.396,0.448,20,22,0.909,25,57,82,21,10,10,18,52,98,7.5,0.507,0.391,0.253,5.8,13.5,9.6,6.0,1.1,1.7,15.7,10.8,0.1,0.5,0.6,0.066,-3.1,1.0,-2.1,0.0
Hassan Whiteside,MIA,21,C,7.0,265,June 13 1989,us,4,Marshall University,22116750,27,77,77,2513,542,973,0.557,0,0,,542,973,0.557,0.557,225,358,0.628,293,795,1088,57,57,161,154,226,1309,22.6,0.579,0.0,0.368,12.8,35.3,24.0,3.8,1.1,5.0,12.0,22.7,4.2,5.3,9.5,0.181,-2.0,1.5,-0.5,0.9
Derrick Williams,MIA,22,PF,6.67,240,May 25 1991,us,5,University of Arizona,4598000,25,25,11,377,54,137,0.394,9,45,0.2,45,92,0.489,0.427,31,50,0.62,16,57,73,14,9,5,14,33,148,10.1,0.465,0.328,0.365,4.7,16.9,10.7,5.6,1.2,1.0,8.1,20.4,-0.1,0.4,0.3,0.038,-3.8,-1.4,-5.2,-0.3
Justise Winslow,MIA,20,SF,6.58,225,March 26 1996,us,1,Duke University,2593440,20,18,15,625,80,225,0.356,7,35,0.2,73,190,0.384,0.371,29,47,0.617,23,71,94,66,26,6,33,52,196,8.2,0.399,0.156,0.209,4.0,12.7,8.3,15.5,2.1,0.8,11.8,19.8,-0.9,0.8,-0.1,-0.009,-4.0,1.2,-2.8,-0.1
Giannis Antetokounmpo,MIL,34,SF,6.92,222,December 6 1994,gr,3,,2995421,22,80,80,2845,656,1259,0.521,49,180,0.272,607,1079,0.563,0.541,471,612,0.77,142,558,700,434,131,151,234,246,1832,26.1,0.599,0.143,0.486,5.9,22.6,14.3,26.6,2.3,4.7,13.3,28.3,7.9,4.5,12.4,0.21,4.1,3.5,7.6,6.9
Michael Beasley,MIL,9,PF,6.75,235,January 9 1989,us,8,Kansas State University,1403611,28,56,6,935,216,406,0.532,18,43,0.419,198,363,0.545,0.554,78,105,0.743,40,153,193,53,27,27,66,92,528,17.8,0.584,0.106,0.259,5.0,18.9,12.0,9.9,1.5,2.5,12.7,25.3,0.8,1.0,1.8,0.092,-1.7,-1.1,-2.9,-0.2
Malcolm Brogdon,MIL,13,SG,6.42,215,December 11 1992,us,0,University of Virginia,925000,24,75,28,1982,290,635,0.457,78,193,0.404,212,442,0.48,0.518,109,126,0.865,47,166,213,317,84,12,113,140,767,14.9,0.555,0.304,0.198,2.8,9.6,6.3,24.3,2.2,0.5,14.1,18.5,2.6,1.5,4.1,0.1,0.6,-1.1,-0.5,0.8